[
  {
    "ranking": 1,
    "title": "Vue3 + 全家桶",
    "author": "Sunday",
    "publicDate": "1629099597000",
    "desc": "项目基于最新的vue3全家桶进行开发",
    "content": "项目基于最新的vue3全家桶进行开发"
  },
  {
    "ranking": 2,
    "title": "Element-Plus",
    "author": "Sunday",
    "publicDate": "1629099597000",
    "desc": "基于 Vue 3.0 的桌面端组件库",
    "content": "基于 Vue 3.0 的桌面端组件库"
  },
  {
    "ranking": 3,
    "title": "vue-element-admin",
    "author": "Sunday",
    "publicDate": "1629099597000",
    "desc": "后台前端解决方案",
    "content": "后台前端解决方案"
  },
  {
    "ranking": 4,
    "title": "ESLint + Git Hooks",
    "author": "Sunday",
    "publicDate": "1629099597000",
    "desc": "编码规范",
    "content": "编码规范"
  },
  {
    "ranking": 5,
    "title": "架构设计",
    "author": "Sunday",
    "publicDate": "1629099597000",
    "desc": "架构设计",
    "content": "架构设计"
  },
  {
    "ranking": 6,
    "title": "权限验证",
    "author": "Sunday",
    "publicDate": "1629099597000",
    "desc": "页面权限、功能权限、动态权限、权限配置",
    "content": "页面权限、功能权限、动态权限、权限配置"
  },
  {
    "ranking": 7,
    "title": "功能引导",
    "author": "Sunday",
    "publicDate": "1629099597000",
    "desc": "对用户的功能引导",
    "content": "对用户的功能引导"
  },
  {
    "ranking": 8,
    "title": "侧边栏",
    "author": "Sunday",
    "publicDate": "1629099597000",
    "desc": "根据路由动态生成的 Menu 菜单",
    "content": "根据路由动态生成的 Menu 菜单"
  },
  {
    "ranking": 9,
    "title": "动态面包屑",
    "author": "Sunday",
    "publicDate": "1629099597000",
    "desc": "动态生成的面包屑数据",
    "content": "动态生成的面包屑数据"
  },
  {
    "ranking": 10,
    "title": "Tags View",
    "author": "Sunday",
    "publicDate": "1629099597000",
    "desc": "便签快捷导航功能",
    "content": "便签快捷导航功能"
  }
]
