[
  {
    "title": "Vue3 + family bucket",
    "percentage": 100,
    "content": "The project is developed based on the latest <a target=\"_blank\" href=\"https://v3.cn.vuejs.org/guide/introduction.html\">vue3</a> family bucket, fully using the latest <a target=\"_blank\" href=\"https://github.com/vuejs/rfcs/blob/master/active-rfcs/0040-script-setup.md\">RFC script setup</ a>Syntax standards, bring you a different vue3 development experience"
  },
  {
    "title": "Element-Plus",
    "percentage": 100,
    "content": "<a target=\"_blank\" href=\"https://element-plus.org/#/zh-CN\">Element Plus</a>, a set for developers, designers and product managers The desktop component library based on Vue 3.0. Is the official vue 3 compatible version of Element UI"
  },
  {
    "title": "vue-element-admin",
    "percentage": 100,
    "content": "<a target=\"_blank\" href=\"https://panjiachen.github.io/vue-element-admin-site/zh/guide/\">vue-element-admin</a> is a backend Front-end solution, it is based on vue and element-ui implementation, and 70K <a target=\"_blank\" href=\"https://github.com/PanJiaChen/vue-element-admin\">star< /a>. <br />This project uses the latest vue technology to reconstruct it, and expand its existing functions, and is committed to bringing you a front-end technology solution that is more in line with <b>modern back-end development</b >"
  },
  {
    "title": "ESLint + Git Hooks",
    "percentage": 100,
    "content": "ESLint corresponds to the coding standard, and Git Hooks corresponds to the Git standard. <br /> If you want to develop a large-scale enterprise-level project, you need to start with the specifications!"
  },
  {
    "title": "Architecture design",
    "percentage": 100,
    "content": "Ali front-end P7 post is called 'technical expert', and some people like to call them 'front-end architect'. Since they are called 'architect', architecture design is of course an indispensable part."
  },
  {
    "title": "Authority verification (page authority, function authority, dynamic authority, authority configuration)",
    "percentage": 100,
    "content": "A comprehensive background authority verification system, which implements a full range of authority functions such as <b>page authority, function authority, dynamic authority, authority configuration</b>, etc."
  },
  {
    "title": "Function guide",
    "percentage": 100,
    "content": "Function guidance to users"
  },

  {
    "title": "Configurable + shrink sidebar",
    "percentage": 100,
    "content": "Realize the real <b>configuration Menu</b> according to the Menu menu dynamically generated by the routing"
  },
  {
    "title": "Dynamic breadcrumbs",
    "percentage": 100,
    "content": "Dynamically generated breadcrumb data"
  },
  {
    "title": "Tags View",
    "percentage": 100,
    "content": "Notes quick navigation function"
  },
  {
    "title": "svg sprite icon",
    "percentage": 100,
    "content": "Customized svg Icon is automatically assigned and imported with el Icon"
  },
  {
    "title": "Internationalization",
    "percentage": 100,
    "content": "Multi-language internationalization function realization"
  },
  {
    "title": "Dynamic skinning",
    "percentage": 100,
    "content": "Theme replacement function, provide cache implementation"
  },
  {
    "title": "Page search",
    "percentage": 100,
    "content": "Search data based on the page automatically generated by the routing configuration, without manual configuration"
  },
  {
    "title": "excel export, import",
    "percentage": 100,
    "content": "Import and export of excel tables"
  },
  {
    "title": "zip import",
    "percentage": 100,
    "content": "Export page data as zip"
  },
  {
    "title": "Rich text + MarkDown editor",
    "percentage": 100,
    "content": "Commonly used editor functions, including rich text editor && MarkDown editor"
  },
  {
    "title": "Dynamic table + drag and drop table + inline editing table",
    "percentage": 100,
    "content": "Common operations of table lists are mostly used in display functions that contain table items. Including: dynamic table && drag and drop table && inline editing table "
  },
  {
    "title": "Unified error handling",
    "percentage": 100,
    "content": "The page-level error handling is handled uniformly by vue-router. Including 401 and 404 error handling"
  },
  {
    "title": "release",
    "percentage": 100,
    "content": "Build and release"
  },
  {
    "title": "other",
    "percentage": 100,
    "content": "In addition to the above functions, we have also implemented many other functions, such as: CDN, dynamic environment variable configuration, lazy loading, cross-domain, etc."
  }
]
